{
  "model": "None",
  "exact_match": 0.04519774011299435,
  "bleu": 7.455961278812123e-10,
  "rouge1": 0.0659604897619116,
  "rouge2": 0.01131660742190854,
  "rougeL": 0.06642144488388366,
  "rougeLsum": 0.06592916016167999,
  "gpt4_score": 0.10734463276836158
}