{
  "model": "None",
  "exact_match": 0.05649717514124294,
  "bleu": 0.07339443437516915,
  "rouge1": 0.07557571338940068,
  "rouge2": 0.04331450094161958,
  "rougeL": 0.07620134448908736,
  "rougeLsum": 0.07459702018101799,
  "gpt4_score": 0.07909604519774012
}