{
  "model": "None",
  "exact_match": 0.24858757062146894,
  "bleu": 8.426048146972841e-05,
  "rouge1": 0.28216131746604156,
  "rouge2": 0.062146892655367235,
  "rougeL": 0.2830514198707491,
  "rougeLsum": 0.28371913977756025,
  "gpt4_score": 0.24858757062146894
}