{
  "model": "None",
  "exact_match": 0.0,
  "bleu": 0.0,
  "rouge1": 0.000137797988149373,
  "rouge2": 0.0,
  "rougeL": 0.000137797988149373,
  "rougeLsum": 0.000137797988149373,
  "gpt4_score": 0.0
}